Datetime,Water Level (m)
2025-10-24 12:00:00,0.8241239
2025-10-24 13:00:00,0.41706708
2025-10-24 14:00:00,0.007635052
2025-10-24 15:00:00,-0.38866124
2025-10-24 16:00:00,-0.72239447
2025-10-24 17:00:00,-0.8366763
2025-10-24 18:00:00,-0.27620173
2025-10-24 19:00:00,0.4284575
2025-10-24 20:00:00,1.0862005
2025-10-24 21:00:00,1.5924453
2025-10-24 22:00:00,1.8359841
2025-10-24 23:00:00,1.7497065
2025-10-25 00:00:00,1.3771693
2025-10-25 01:00:00,0.9229786
2025-10-25 02:00:00,0.44800875
2025-10-25 03:00:00,-0.0070867096
2025-10-25 04:00:00,-0.42225498
2025-10-25 05:00:00,-0.71705264
2025-10-25 06:00:00,-0.5791238
2025-10-25 07:00:00,-0.015912775
2025-10-25 08:00:00,0.57486504
2025-10-25 09:00:00,1.0781035
2025-10-25 10:00:00,1.3964969
2025-10-25 11:00:00,1.4196076
2025-10-25 12:00:00,1.1265438
2025-10-25 13:00:00,0.7231684
2025-10-25 14:00:00,0.28508547
2025-10-25 15:00:00,-0.13146032
2025-10-25 16:00:00,-0.52289444
2025-10-25 17:00:00,-0.79331684
2025-10-25 18:00:00,-0.55314595
2025-10-25 19:00:00,0.0720954
2025-10-25 20:00:00,0.73236734
2025-10-25 21:00:00,1.3030506
2025-10-25 22:00:00,1.7059346
2025-10-25 23:00:00,1.8200976
2025-10-26 00:00:00,1.5712526
2025-10-26 01:00:00,1.1623209
2025-10-26 02:00:00,0.7043503
2025-10-26 03:00:00,0.24382551
2025-10-26 04:00:00,-0.1817993
2025-10-26 05:00:00,-0.5532542
2025-10-26 06:00:00,-0.72227496
2025-10-26 07:00:00,-0.36853823
2025-10-26 08:00:00,0.18730924
2025-10-26 09:00:00,0.7075207
2025-10-26 10:00:00,1.1250428
2025-10-26 11:00:00,1.3300676
2025-10-26 12:00:00,1.2269253
2025-10-26 13:00:00,0.8970518
2025-10-26 14:00:00,0.49767083
2025-10-26 15:00:00,0.09076684
2025-10-26 16:00:00,-0.29287544
2025-10-26 17:00:00,-0.62162954
2025-10-26 18:00:00,-0.72988176
2025-10-26 19:00:00,-0.28819248
2025-10-26 20:00:00,0.32517025
2025-10-26 21:00:00,0.90261555
2025-10-26 22:00:00,1.3855553
2025-10-26 23:00:00,1.6709558
2025-10-27 00:00:00,1.6455067
2025-10-27 01:00:00,1.3292122
2025-10-27 02:00:00,0.9183995
2025-10-27 03:00:00,0.47579354
2025-10-27 04:00:00,0.05300272
2025-10-27 05:00:00,-0.33033088
2025-10-27 06:00:00,-0.62201303
2025-10-27 07:00:00,-0.6331199
2025-10-27 08:00:00,-0.20889072
2025-10-27 09:00:00,0.31084016
2025-10-27 10:00:00,0.76666236
2025-10-27 11:00:00,1.1019648
2025-10-27 12:00:00,1.2140938
2025-10-27 13:00:00,1.0438288
2025-10-27 14:00:00,0.7134584
2025-10-27 15:00:00,0.33190262
2025-10-27 16:00:00,-0.03411428
2025-10-27 17:00:00,-0.37755477
2025-10-27 18:00:00,-0.6211061
2025-10-27 19:00:00,-0.5513791
2025-10-27 20:00:00,-0.0787027
2025-10-27 21:00:00,0.47685915
2025-10-27 22:00:00,0.98825514
2025-10-27 23:00:00,1.3854924
2025-10-28 00:00:00,1.5846132
2025-10-28 01:00:00,1.4753704
2025-10-28 02:00:00,1.150398
2025-10-28 03:00:00,0.75735164
2025-10-28 04:00:00,0.34216964
2025-10-28 05:00:00,-0.032794476
2025-10-28 06:00:00,-0.36785826
2025-10-28 07:00:00,-0.58660525
2025-10-28 08:00:00,-0.5246433
2025-10-28 09:00:00,-0.1357731
2025-10-28 10:00:00,0.32330596
2025-10-28 11:00:00,0.7274835
2025-10-28 12:00:00,1.0134186
2025-10-28 13:00:00,1.0927567
2025-10-28 14:00:00,0.93171537
2025-10-28 15:00:00,0.6276394
2025-10-28 16:00:00,0.28080407
2025-10-28 17:00:00,-0.047095105
2025-10-28 18:00:00,-0.33762342
2025-10-28 19:00:00,-0.5226352
2025-10-28 20:00:00,-0.41461107
2025-10-28 21:00:00,0.0009233823
2025-10-28 22:00:00,0.47977072
2025-10-28 23:00:00,0.9301686
2025-10-29 00:00:00,1.2893317
2025-10-29 01:00:00,1.4600048
2025-10-29 02:00:00,1.3597401
2025-10-29 03:00:00,1.066166
2025-10-29 04:00:00,0.70556253
2025-10-29 05:00:00,0.32437322
2025-10-29 06:00:00,-0.024033561
2025-10-29 07:00:00,-0.334923
2025-10-29 08:00:00,-0.5532968
2025-10-29 09:00:00,-0.5445577
2025-10-29 10:00:00,-0.22850004
2025-10-29 11:00:00,0.18205237
2025-10-29 12:00:00,0.5705238
2025-10-29 13:00:00,0.8745072
2025-10-29 14:00:00,1.0112404
2025-10-29 15:00:00,0.93656975
2025-10-29 16:00:00,0.6985138
2025-10-29 17:00:00,0.38810414
2025-10-29 18:00:00,0.07210364
2025-10-29 19:00:00,-0.2044664
2025-10-29 20:00:00,-0.40490758
2025-10-29 21:00:00,-0.4213484
2025-10-29 22:00:00,-0.12504771
2025-10-29 23:00:00,0.29795766
2025-10-30 00:00:00,0.7187872
2025-10-30 01:00:00,1.0788591
2025-10-30 02:00:00,1.2985582
2025-10-30 03:00:00,1.2971424
2025-10-30 04:00:00,1.0800902
2025-10-30 05:00:00,0.76044524
2025-10-30 06:00:00,0.40165427
2025-10-30 07:00:00,0.047101613
2025-10-30 08:00:00,-0.27015564
2025-10-30 09:00:00,-0.53554684
2025-10-30 10:00:00,-0.64632404
2025-10-30 11:00:00,-0.4484515
2025-10-30 12:00:00,-0.047673173
